<?xml version="1.0"?><prenotazioni> <biglietto nome="Luca Verdi">  <voloAndata data="1-8-2005">   <tappa t="Bologna"/>   <tappa t="Frankfurt"/>   <tappa t="New York"/>  </voloAndata>  <voloRitorno data="8-8-2005">    <tappa t="New York"/>    <tappa t="Roma"/>    <tappa t="Bologna"/>  </voloRitorno>  <prezzo>990</prezzo> </biglietto> <biglietto nome="Luigi Bianchi">  <voloAndata data="6-8-2005">    <tappa t="Bologna"/><tappa t="Roma"/>  </voloAndata>  <voloRitorno data="7-8-2005">    <tappa t="Roma"/><tappa t="Bologna"/>  </voloRitorno>  <prezzo>240</prezzo> </biglietto> <biglietto nome="Luca Verdi">  <voloAndata data="9-8-2005">    <tappa t="Bologna"/><tappa t="Roma"/><tappa t="Napoli"/>  </voloAndata>  <voloRitorno data="18-8-2005">    <tappa t="Napoli"/><tappa t="Roma"/><tappa t="Bologna"/>  </voloRitorno>  <prezzo>520</prezzo> </biglietto> <biglietto nome="Andrea Rossi">  <voloAndata data="6-8-2005">    <tappa t="Bologna"/><tappa t="Frankfurt"/><tappa t="Mosca"/>  </voloAndata>  <voloRitorno data="7-8-2005">    <tappa t="Mosca"/><tappa t="Frankfurt"/><tappa t="Bologna"/>  </voloRitorno>  <prezzo>2140</prezzo> </biglietto></prenotazioni>